image_height,image_width,image_entropy,question_length,question_type,gpu_memory_usage,num_model_params,execution_time
320,320,6.979339878020456,21,0,1470.44970703125,384672572,1.9888911712914705
320,320,5.85780864466507,27,1,1478.57470703125,384672572,0.20492002088576555
320,320,7.247302918456192,30,2,1478.57470703125,384672572,0.2191892508417368
320,320,5.970023329949088,31,3,1478.57470703125,384672572,0.19427277985960245
320,320,7.415525014743988,23,0,1478.57470703125,384672572,0.1748828198760748
320,320,7.370055525919071,22,9,1478.57470703125,384672572,0.21779901813715696
320,320,7.373803846713884,23,0,1478.57470703125,384672572,0.1686771446838975
320,320,6.359172363873757,19,9,1478.57470703125,384672572,0.1701250309124589
320,320,6.412068811302616,20,0,1478.57470703125,384672572,0.18964611273258924
320,320,7.7909078081213154,23,9,1478.57470703125,384672572,0.12827917002141476
320,480,7.798103667450742,21,0,1478.57470703125,384672572,0.16250732354819775
320,480,7.830180442562635,27,1,1478.57470703125,384672572,0.22017971705645323
320,480,6.180612666133609,30,2,1478.57470703125,384672572,0.20458815712481737
320,480,7.346110985784032,31,3,1478.57470703125,384672572,0.22277585417032242
320,480,7.3913746306287305,23,0,1478.57470703125,384672572,0.1992710791528225
320,480,6.403289623204536,22,9,1478.57470703125,384672572,0.1548283016309142
320,480,7.606927289215191,23,0,1478.57470703125,384672572,0.1660360638052225
320,480,5.38153030596429,19,9,1478.57470703125,384672572,0.1567531730979681
320,480,7.820716373901071,20,0,1478.57470703125,384672572,0.17778888158500195
320,480,7.762188744459432,23,9,1478.57470703125,384672572,0.13596717454493046
320,512,6.577948985505243,21,0,1478.57470703125,384672572,0.14014344476163387
320,512,7.801637866900049,27,1,1478.57470703125,384672572,0.1960554951801896
320,512,7.424514265361065,30,2,1478.57470703125,384672572,0.18015682324767113
320,512,7.7579602544505875,31,3,1478.57470703125,384672572,0.2530100801959634
320,512,7.497823240952479,23,0,1478.57470703125,384672572,0.19507317896932364
320,512,7.574870597553504,22,9,1478.57470703125,384672572,0.17725423630326986
320,512,7.198022370258128,23,0,1478.57470703125,384672572,0.18313560355454683
320,512,7.0371909622723745,19,9,1478.57470703125,384672572,0.1956720082089305
320,512,6.926346590295213,20,0,1478.57470703125,384672572,0.1930872332304716
320,512,7.186392377566579,23,9,1478.57470703125,384672572,0.18973493482917547
320,576,7.567508270844236,21,0,1478.57470703125,384672572,0.1892545446753502
320,576,7.836171768804437,27,1,1478.57470703125,384672572,0.20194015372544527
320,576,7.793291793917352,30,2,1478.57470703125,384672572,0.1287805140018463
320,576,7.864922619451507,31,3,1478.57470703125,384672572,0.17940761987119913
320,576,7.564505247420129,23,0,1478.57470703125,384672572,0.09566085040569305
320,576,7.760117758549381,22,9,1478.57470703125,384672572,0.18756753858178854
320,576,7.325534645587385,23,0,1478.57470703125,384672572,0.10310839302837849
320,576,7.259417261412551,19,9,1478.57470703125,384672572,0.1638873340561986
320,576,6.97184184687109,20,0,1478.57470703125,384672572,0.08743449673056602
320,576,7.442056045709898,23,9,1478.57470703125,384672572,0.1661271983757615
320,640,7.758483664274496,21,0,1478.57470703125,384672572,0.1664511924609542
320,640,7.809276936430821,27,1,1478.57470703125,384672572,0.16528299171477556
320,640,7.7855498329240564,30,2,1478.57470703125,384672572,0.17022246029227972
320,640,7.746453341720391,31,3,1478.57470703125,384672572,0.1769373146817088
320,640,7.829590839594957,23,0,1478.57470703125,384672572,0.2121939742937684
320,640,6.792861093777788,22,9,1478.57470703125,384672572,0.19503136817365885
320,640,7.645948357110351,23,0,1478.57470703125,384672572,0.21078696195036173
320,640,7.792822272151905,19,9,1478.57470703125,384672572,0.1788140181452036
320,640,7.370604384462016,20,0,1478.57470703125,384672572,0.2012861054390669
320,640,5.681135406998926,23,9,1478.57470703125,384672572,0.19558717217296362
320,768,7.502339462502187,21,0,1478.57470703125,384672572,0.18388848192989826
320,768,7.672008845515215,27,1,1478.57470703125,384672572,0.1619070190936327
320,768,7.428590905262375,30,2,1478.57470703125,384672572,0.1496906904503703
320,768,7.828076007667375,31,3,1478.57470703125,384672572,0.16017132811248302
320,768,7.320193462568131,23,0,1478.57470703125,384672572,0.15647071227431297
320,768,7.692085434028339,22,9,1478.57470703125,384672572,0.16866327915340662
320,768,7.672734279143019,23,0,1478.57470703125,384672572,0.16446682065725327
320,768,7.952464440646981,19,9,1478.57470703125,384672572,0.18710370268672705
320,768,7.704964456622417,20,0,1478.57470703125,384672572,0.14555407781153917
320,768,7.773609418027373,23,9,1478.57470703125,384672572,0.1423706728965044
320,800,7.163154004974594,21,0,1478.57470703125,384672572,0.1770859034731984
320,800,7.81580592584903,27,1,1478.57470703125,384672572,0.18993188720196486
320,800,7.286879428237894,30,2,1478.57470703125,384672572,0.18360671121627092
320,800,7.730987000056235,31,3,1478.57470703125,384672572,0.182595225982368
320,800,7.579945241156567,23,0,1478.57470703125,384672572,0.19617509935051203
320,800,7.722076218893458,22,9,1478.57470703125,384672572,0.17953598499298096
320,800,7.854578508576061,23,0,1478.57470703125,384672572,0.18791027273982763
320,800,7.082658005245496,19,9,1478.57470703125,384672572,0.1814243709668517
320,800,7.885237295931608,20,0,1478.57470703125,384672572,0.12113115657120943
320,800,7.85069961649603,23,9,1478.57470703125,384672572,0.1132572265341878
320,1024,7.441011644695719,21,0,1478.57470703125,384672572,0.10165970120579004
320,1024,7.793839632933098,27,1,1478.57470703125,384672572,0.28474387992173433
320,1024,7.952901260841415,30,2,1478.57470703125,384672572,0.1761634973809123
320,1024,7.500550618109436,31,3,1478.57470703125,384672572,0.22995849326252937
320,1024,7.548996036693334,23,0,1478.57470703125,384672572,0.16439709346741438
320,1024,7.9182832208727945,22,9,1478.57470703125,384672572,0.16191516164690256
320,1024,7.3792164875078035,23,0,1478.57470703125,384672572,0.1629459485411644
320,1024,7.61542335056328,19,9,1478.57470703125,384672572,0.15192322991788387
320,1024,7.582628550774326,20,0,1478.57470703125,384672572,0.17205801978707314
320,1024,7.358843830676177,23,9,1478.57470703125,384672572,0.1445207754150033
320,1152,7.656273822355063,21,0,1478.57470703125,384672572,0.21097007393836975
320,1152,7.73106548777376,27,1,1478.57470703125,384672572,0.2663177037611604
320,1152,7.648873808806057,30,2,1478.57470703125,384672572,0.21477182023227215
320,1152,7.8097733459326495,31,3,1478.57470703125,384672572,0.2068544141948223
320,1152,7.854901716775401,23,0,1478.57470703125,384672572,0.18384490348398685
320,1152,7.788379902580546,22,9,1478.57470703125,384672572,0.1753868805244565
320,1152,7.885706004410048,23,0,1478.57470703125,384672572,0.15963564347475767
320,1152,7.875897604129415,19,9,1478.57470703125,384672572,0.16067965608090162
320,1152,7.545374960928132,20,0,1478.57470703125,384672572,0.15103324130177498
320,1152,7.540440100789313,23,9,1478.57470703125,384672572,0.16280346736311913
320,1280,7.095550369333093,21,0,1478.57470703125,384672572,0.19182447716593742
320,1280,7.79366694351072,27,1,1478.57470703125,384672572,0.1838166555389762
320,1280,7.664931408525243,30,2,1478.57470703125,384672572,0.18995091039687395
320,1280,7.498777428243992,31,3,1478.57470703125,384672572,0.1465752562507987
320,1280,7.681531497120517,23,0,1478.57470703125,384672572,0.17747503332793713
320,1280,7.935485417930272,22,9,1478.57470703125,384672572,0.1685068840160966
320,1280,7.739086960071423,23,0,1478.57470703125,384672572,0.20391464419662952
320,1280,7.275011069233309,19,9,1478.57470703125,384672572,0.19452331773936749
320,1280,6.4807584898145745,20,0,1478.57470703125,384672572,0.09427854418754578
320,1280,7.723584243682499,23,9,1478.57470703125,384672572,0.09501255117356777
480,320,6.580041842680528,21,0,1478.57470703125,384672572,0.12229364272207022
480,320,6.600933274482502,27,1,1478.57470703125,384672572,0.22908567544072866
480,320,6.798237001274377,30,2,1478.57470703125,384672572,0.21544596459716558
480,320,7.342396821648213,31,3,1478.57470703125,384672572,0.1641159327700734
480,320,7.747274102253393,23,0,1478.57470703125,384672572,0.1762290857732296
480,320,7.231321036666142,22,9,1478.57470703125,384672572,0.16403836011886597
480,320,7.169638822279824,23,0,1478.57470703125,384672572,0.17430165596306324
480,320,6.891460639974067,19,9,1478.57470703125,384672572,0.17172650434076786
480,320,7.411364074344086,20,0,1478.57470703125,384672572,0.1772944675758481
480,320,6.385835606919677,23,9,1478.57470703125,384672572,0.15930469799786806
480,480,7.81660261392152,21,0,1478.57470703125,384672572,0.16511005442589521
480,480,7.524854269855963,27,1,1478.57470703125,384672572,0.181149878539145
480,480,7.699543278307555,30,2,1478.57470703125,384672572,0.11204430367797613
480,480,7.792018016940489,31,3,1478.57470703125,384672572,0.16512800939381123
480,480,7.781592224094401,23,0,1478.57470703125,384672572,0.16026446130126715
480,480,7.808150405565783,22,9,1478.57470703125,384672572,0.15450367704033852
480,480,7.924373813587517,23,0,1478.57470703125,384672572,0.18347006756812334
480,480,7.6746473434110385,19,9,1478.57470703125,384672572,0.14839149918407202
480,480,7.794338510382252,20,0,1478.57470703125,384672572,0.18256534822285175
480,480,7.9019306821716455,23,9,1478.57470703125,384672572,0.15914379246532917
480,512,7.312756013915831,21,0,1478.57470703125,384672572,0.1560381082817912
480,512,7.859657079224546,27,1,1478.57470703125,384672572,0.155306582339108
480,512,7.769752911084094,30,2,1478.57470703125,384672572,0.09859496913850307
480,512,7.8775073042641806,31,3,1478.57470703125,384672572,0.1482175923883915
480,512,7.917589769806541,23,0,1478.57470703125,384672572,0.12266561016440392
480,512,7.769489951557794,22,9,1478.57470703125,384672572,0.17242409382015467
480,512,7.820930465451455,23,0,1478.57470703125,384672572,0.18387071322649717
480,512,7.628022646390728,19,9,1478.57470703125,384672572,0.18064030539244413
480,512,7.822753274341937,20,0,1478.57470703125,384672572,0.20102630276232958
480,512,7.78502205820833,23,9,1478.57470703125,384672572,0.17640547081828117
480,576,7.567786044143462,21,0,1478.57470703125,384672572,0.21045756805688143
480,576,7.902984309465831,27,1,1478.57470703125,384672572,0.2076574331149459
480,576,7.845571184778021,30,2,1478.57470703125,384672572,0.1786344274878502
480,576,7.91002856738321,31,3,1478.57470703125,384672572,0.21339843049645424
480,576,7.591787002489074,23,0,1478.57470703125,384672572,0.17356090154498816
480,576,7.554413316962712,22,9,1478.57470703125,384672572,0.10445812903344631
480,576,7.7624867225177105,23,0,1478.57470703125,384672572,0.09551777224987745
480,576,7.9509075513833976,19,9,1478.57470703125,384672572,0.09496376290917397
480,576,7.639793143580196,20,0,1478.57470703125,384672572,0.1482451381161809
480,576,7.934286706087374,23,9,1478.57470703125,384672572,0.31890792958438396
480,640,7.51943933899469,21,0,1478.57470703125,384672572,0.2238813629373908
480,640,7.449026170351688,27,1,1478.57470703125,384672572,0.21166108921170235
480,640,7.432528576237839,30,2,1478.57470703125,384672572,0.22273802664130926
480,640,7.730124198502767,31,3,1478.57470703125,384672572,0.23822311963886023
480,640,7.624555562562697,23,0,1478.57470703125,384672572,0.25159560050815344
480,640,7.85965962237509,22,9,1478.57470703125,384672572,0.2536633014678955
480,640,7.471306437852837,23,0,1478.57470703125,384672572,0.20001573767513037
480,640,5.337129395035538,19,9,1478.57470703125,384672572,0.24785772059112787
480,640,7.778712005916166,20,0,1478.57470703125,384672572,0.19104567170143127
480,640,6.9934999599813406,23,9,1478.57470703125,384672572,0.16693860664963722
480,768,7.5330803744607095,21,0,1478.57470703125,384672572,0.21582071855664253
480,768,7.524915457155146,27,1,1478.57470703125,384672572,0.20434269588440657
480,768,7.728749773881163,30,2,1478.57470703125,384672572,0.23652610834687948
480,768,7.196177518234284,31,3,1478.57470703125,384672572,0.20106699783354998
480,768,7.650108531251058,23,0,1478.57470703125,384672572,0.21453161165118217
480,768,7.458006659292035,22,9,1478.57470703125,384672572,0.19566258881241083
480,768,7.767653686045916,23,0,1478.57470703125,384672572,0.2070027608424425
480,768,7.3911059155758405,19,9,1478.57470703125,384672572,0.20731879770755768
480,768,7.633183664248071,20,0,1478.57470703125,384672572,0.21651625353842974
480,768,7.203885603347533,23,9,1478.57470703125,384672572,0.24950352124869823
480,800,6.29012681736404,21,0,1478.57470703125,384672572,0.1445610150694847
480,800,7.771194169870039,27,1,1478.57470703125,384672572,0.14718933403491974
480,800,7.629149387213257,30,2,1478.57470703125,384672572,0.1450061034411192
480,800,7.782169154460142,31,3,1478.57470703125,384672572,0.0857416344806552
480,800,7.344603201840181,23,0,1478.57470703125,384672572,0.08520745113492012
480,800,6.943944384054996,22,9,1478.57470703125,384672572,0.16804516222327948
480,800,7.580795582187248,23,0,1478.57470703125,384672572,0.1749553671106696
480,800,7.712491202212697,19,9,1478.57470703125,384672572,0.17581100389361382
480,800,7.757624957731722,20,0,1478.57470703125,384672572,0.1738981418311596
480,800,7.622871987899348,23,9,1478.57470703125,384672572,0.16870554722845554
480,1024,6.467455902555391,21,0,1478.57470703125,384672572,0.15600232407450676
480,1024,7.850133074138735,27,1,1478.57470703125,384672572,0.1851779641583562
480,1024,7.5165368700683555,30,2,1478.57470703125,384672572,0.14811479020863771
480,1024,7.307341105318192,31,3,1478.57470703125,384672572,0.1880739312618971
480,1024,6.97916124264129,23,0,1478.57470703125,384672572,0.17930854577571154
480,1024,7.675178431117606,22,9,1478.57470703125,384672572,0.17911448050290346
480,1024,7.584886582026166,23,0,1478.57470703125,384672572,0.2108099451288581
480,1024,7.708375454889526,19,9,1478.57470703125,384672572,0.1531623350456357
480,1024,7.634554722782638,20,0,1478.57470703125,384672572,0.15605696104466915
480,1024,7.902140396755536,23,9,1478.57470703125,384672572,0.19103255029767752
480,1152,7.095717210397709,21,0,1478.57470703125,384672572,0.1766824647784233
480,1152,7.3857524017951866,27,1,1478.57470703125,384672572,0.10095817409455776
480,1152,7.72140294215809,30,2,1478.57470703125,384672572,0.11317247711122036
480,1152,7.706544502885997,31,3,1478.57470703125,384672572,0.13749614171683788
480,1152,7.798521779455605,23,0,1478.57470703125,384672572,0.17604269552975893
480,1152,7.4021912556993925,22,9,1478.57470703125,384672572,0.18052396085113287
480,1152,7.593933669529252,23,0,1478.57470703125,384672572,0.15665346011519432
480,1152,7.63535176711536,19,9,1478.57470703125,384672572,0.17720268666744232
480,1152,7.206971668448263,20,0,1478.57470703125,384672572,0.11258894577622414
480,1152,7.560589042942205,23,9,1478.57470703125,384672572,0.1734275510534644
480,1280,7.400452447741484,21,0,1478.57470703125,384672572,0.11277669575065374
480,1280,7.665857863991409,27,1,1478.57470703125,384672572,0.16420512553304434
480,1280,6.5822060456466165,30,2,1478.57470703125,384672572,0.16347220167517662
480,1280,7.41031243310928,31,3,1478.57470703125,384672572,0.28006946481764317
480,1280,7.758215346953774,23,0,1478.57470703125,384672572,0.2058744402602315
480,1280,7.7635397904556,22,9,1478.57470703125,384672572,0.1853273417800665
480,1280,7.671065314602804,23,0,1478.57470703125,384672572,0.20435188431292772
480,1280,7.3423420922017035,19,9,1478.57470703125,384672572,0.1813867725431919
480,1280,6.706382554638601,20,0,1478.57470703125,384672572,0.2272509355098009
480,1280,7.818677972229199,23,9,1478.57470703125,384672572,0.22837561927735806
512,320,7.5121666319368146,21,0,1478.57470703125,384672572,0.23445068765431643
512,320,6.562562365551277,27,1,1478.57470703125,384672572,0.1721670050173998
512,320,6.775225919847175,30,2,1478.57470703125,384672572,0.20055679604411125
512,320,7.4192234017613785,31,3,1478.57470703125,384672572,0.07764393277466297
512,320,6.559191727899421,23,0,1478.57470703125,384672572,0.17196431197226048
512,320,7.101784530401567,22,9,1478.57470703125,384672572,0.14941552840173244
512,320,6.707913165259921,23,0,1478.57470703125,384672572,0.20037393365055323
512,320,7.222195237829959,19,9,1478.57470703125,384672572,0.2211187519133091
512,320,7.535862272671619,20,0,1478.57470703125,384672572,0.2527361875399947
512,320,7.460901059689075,23,9,1478.57470703125,384672572,0.1805154513567686
512,480,7.564542412328672,21,0,1478.57470703125,384672572,0.22494318895041943
512,480,7.625169349732304,27,1,1478.57470703125,384672572,0.16555363964289427
512,480,7.625182765831578,30,2,1478.57470703125,384672572,0.1556965233758092
512,480,7.785097330440427,31,3,1478.57470703125,384672572,0.1381022771820426
512,480,7.642641519844089,23,0,1478.57470703125,384672572,0.14748568460345268
512,480,7.69929016222798,22,9,1478.57470703125,384672572,0.1736006336286664
512,480,7.6938534059190005,23,0,1478.57470703125,384672572,0.1623371560126543
512,480,7.091043657752932,19,9,1478.57470703125,384672572,0.09401119872927666
512,480,7.782396187824052,20,0,1478.57470703125,384672572,0.16478028614073992
512,480,5.556719378450756,23,9,1478.57470703125,384672572,0.10899593960493803
512,512,7.721672489222657,21,0,1478.57470703125,384672572,0.19573082868009806
512,512,7.584675031275309,27,1,1478.57470703125,384672572,0.21196765266358852
512,512,7.8615662017204775,30,2,1478.57470703125,384672572,0.17223692685365677
512,512,6.883565564806721,31,3,1478.57470703125,384672572,0.19339236989617348
512,512,7.5264628921243375,23,0,1478.57470703125,384672572,0.20707228779792786
512,512,7.676558354446298,22,9,1478.57470703125,384672572,0.1887820092961192
512,512,7.6992037797782205,23,0,1478.57470703125,384672572,0.16490246634930372
512,512,7.716837181957795,19,9,1478.57470703125,384672572,0.15612167585641146
512,512,7.697940158770757,20,0,1478.57470703125,384672572,0.15512447711080313
512,512,7.8407253221375415,23,9,1478.57470703125,384672572,0.14924211334437132
512,576,6.699359851987126,21,0,1478.57470703125,384672572,0.1373817678540945
512,576,7.934665341168152,27,1,1478.57470703125,384672572,0.15615320298820734
512,576,7.685311071945351,30,2,1478.57470703125,384672572,0.10133594926446676
512,576,7.708847542275578,31,3,1478.57470703125,384672572,0.23890314903110266
512,576,7.927159399327937,23,0,1478.57470703125,384672572,0.1735648913308978
512,576,7.719771136731266,22,9,1478.57470703125,384672572,0.15760450065135956
512,576,7.9065880647811575,23,0,1478.57470703125,384672572,0.15856130607426167
512,576,7.033460643572192,19,9,1478.57470703125,384672572,0.17243560403585434
512,576,7.824218597561114,20,0,1478.57470703125,384672572,0.2447079624980688
512,576,7.789702450647749,23,9,1478.57470703125,384672572,0.17426274437457323
512,640,7.140913560725087,21,0,1478.57470703125,384672572,0.16744626499712467
512,640,7.581568782542089,27,1,1478.57470703125,384672572,0.18734605237841606
512,640,7.81478183540114,30,2,1478.57470703125,384672572,0.08329727035015821
512,640,6.901000179141798,31,3,1478.57470703125,384672572,0.17550436407327652
512,640,7.719283647223148,23,0,1478.57470703125,384672572,0.17519592680037022
512,640,7.082990555677448,22,9,1478.57470703125,384672572,0.17926919739693403
512,640,7.637900081104947,23,0,1478.57470703125,384672572,0.18488443829119205
512,640,7.254959633015863,19,9,1478.57470703125,384672572,0.16094875428825617
512,640,7.775729492729061,20,0,1478.57470703125,384672572,0.17356769740581512
512,640,6.156279147768308,23,9,1478.57470703125,384672572,0.09422379732131958
512,768,7.518476311052755,21,0,1478.57470703125,384672572,0.09377030376344919
512,768,7.633902113051553,27,1,1478.57470703125,384672572,0.15813680365681648
512,768,7.8591677125068715,30,2,1478.57470703125,384672572,0.14684606064110994
512,768,7.521197458841085,31,3,1478.57470703125,384672572,0.15296886395663023
512,768,7.749200809180154,23,0,1478.57470703125,384672572,0.15255753509700298
512,768,7.89476516643043,22,9,1478.57470703125,384672572,0.10031384229660034
512,768,7.660748590746891,23,0,1478.57470703125,384672572,0.15468508377671242
512,768,7.738273650167595,19,9,1478.57470703125,384672572,0.17312314454466105
512,768,7.792716955145274,20,0,1478.57470703125,384672572,0.20904227998107672
512,768,7.913077881862094,23,9,1478.57470703125,384672572,0.2373538352549076
512,800,7.765132641890569,21,0,1478.57470703125,384672572,0.2521009845659137
512,800,7.456718923927692,27,1,1478.57470703125,384672572,0.18075772933661938
512,800,7.06169415344354,30,2,1478.57470703125,384672572,0.18738272227346897
512,800,7.369654912519298,31,3,1478.57470703125,384672572,0.18789054360240698
512,800,7.433086796837039,23,0,1478.57470703125,384672572,0.22567793540656567
512,800,6.646041334338854,22,9,1478.57470703125,384672572,0.21496378351002932
512,800,7.37646538310726,23,0,1478.57470703125,384672572,0.1767314588651061
512,800,7.512966979695857,19,9,1478.57470703125,384672572,0.17439063731580973
512,800,7.429527827686524,20,0,1478.57470703125,384672572,0.22339853644371033
512,800,7.805779786053259,23,9,1478.57470703125,384672572,0.23515123315155506
512,1024,6.047635205492687,21,0,1478.57470703125,384672572,0.1537103820592165
512,1024,7.433033505308391,27,1,1478.57470703125,384672572,0.20764388423413038
512,1024,7.779840100969584,30,2,1478.57470703125,384672572,0.16613291390240192
512,1024,7.573342180761738,31,3,1478.57470703125,384672572,0.14594157505780458
512,1024,7.524202985174025,23,0,1478.57470703125,384672572,0.16167290601879358
512,1024,7.823727540179977,22,9,1478.57470703125,384672572,0.14955203607678413
512,1024,7.801260452228664,23,0,1478.57470703125,384672572,0.08187186066061258
512,1024,7.6659147150630895,19,9,1478.57470703125,384672572,0.08812382537871599
512,1024,7.67607675406054,20,0,1478.57470703125,384672572,0.14665664918720722
512,1024,7.601561913831248,23,9,1478.57470703125,384672572,0.19107148982584476
512,1152,7.399161936050206,21,0,1478.57470703125,384672572,0.2126041129231453
512,1152,7.545816226171434,27,1,1478.57470703125,384672572,0.19630429707467556
512,1152,7.3962428575658645,30,2,1478.57470703125,384672572,0.2241576574742794
512,1152,7.6157235956893725,31,3,1478.57470703125,384672572,0.19838765729218721
512,1152,7.227742306325431,23,0,1478.57470703125,384672572,0.2138464581221342
512,1152,7.685169023415412,22,9,1478.57470703125,384672572,0.14039905462414026
512,1152,7.680699543283653,23,0,1478.57470703125,384672572,0.1875266395509243
512,1152,7.332793868709557,19,9,1478.57470703125,384672572,0.1389924567192793
512,1152,7.417945704775332,20,0,1478.57470703125,384672572,0.16705517284572124
512,1152,7.44757647368473,23,9,1478.57470703125,384672572,0.15504549629986286
512,1280,6.8625578073200755,21,0,1478.57470703125,384672572,0.18106576707214117
512,1280,7.306928282442472,27,1,1478.57470703125,384672572,0.15480017568916082
512,1280,7.635297266656334,30,2,1478.57470703125,384672572,0.1482239468023181
512,1280,7.370793101403616,31,3,1478.57470703125,384672572,0.16826327703893185
512,1280,6.9564586955194265,23,0,1478.57470703125,384672572,0.16213715728372335
512,1280,7.36023440805946,22,9,1478.57470703125,384672572,0.19538111705332994
512,1280,7.469728644289617,23,0,1478.57470703125,384672572,0.15916932094842196
512,1280,7.442316973579175,19,9,1478.57470703125,384672572,0.20221367850899696
512,1280,7.641333388526324,20,0,1478.57470703125,384672572,0.17788572702556849
512,1280,7.232180785916013,23,9,1478.57470703125,384672572,0.18408834841102362
576,320,7.541270806038276,21,0,1478.57470703125,384672572,0.09356871340423822
576,320,7.391737427349161,27,1,1478.57470703125,384672572,0.21559865307062864
576,320,7.888986087464348,30,2,1478.57470703125,384672572,0.11472157668322325
576,320,7.847990681127504,31,3,1478.57470703125,384672572,0.21060708351433277
576,320,7.6982687157376,23,0,1478.57470703125,384672572,0.27151502668857574
576,320,6.840731207486453,22,9,1478.57470703125,384672572,0.20333404373377562
576,320,7.237108881702819,23,0,1478.57470703125,384672572,0.19775115698575974
576,320,6.9402745542150726,19,9,1478.57470703125,384672572,0.19877310935407877
576,320,7.58080631770602,20,0,1478.57470703125,384672572,0.20001127570867538
576,320,7.835542869937936,23,9,1478.57470703125,384672572,0.15142799261957407
576,480,7.597897867099379,21,0,1478.57470703125,384672572,0.18911708239465952
576,480,7.881272028110288,27,1,1478.57470703125,384672572,0.20550670474767685
576,480,7.582311141540982,30,2,1478.57470703125,384672572,0.18299798294901848
576,480,7.353574713734314,31,3,1478.57470703125,384672572,0.20087225176393986
576,480,7.535020912072971,23,0,1478.57470703125,384672572,0.23096612002700567
576,480,7.54718106684413,22,9,1478.57470703125,384672572,0.22020072862505913
576,480,7.808677435212166,23,0,1478.57470703125,384672572,0.3212069161236286
576,480,7.73173526952367,19,9,1478.57470703125,384672572,0.2284739362075925
576,480,7.496433276814096,20,0,1478.57470703125,384672572,0.24306633230298758
576,480,7.4153136966515145,23,9,1478.57470703125,384672572,0.19865727052092552
576,512,7.724691017469214,21,0,1478.57470703125,384672572,0.22110229823738337
576,512,7.519861259624024,27,1,1478.57470703125,384672572,0.19564704690128565
576,512,7.672398030566856,30,2,1478.57470703125,384672572,0.19307682011276484
576,512,7.536267225655557,31,3,1478.57470703125,384672572,0.24361109640449286
576,512,7.7425866395461265,23,0,1478.57470703125,384672572,0.17030028067529202
576,512,7.767236985676757,22,9,1478.57470703125,384672572,0.24872846994549036
576,512,7.594873597023069,23,0,1478.57470703125,384672572,0.17901060171425343
576,512,7.229411373619699,19,9,1478.57470703125,384672572,0.18502977024763823
576,512,7.70504572708592,20,0,1478.57470703125,384672572,0.15405560191720724
576,512,7.7651972864770915,23,9,1478.57470703125,384672572,0.10927723906934261
576,576,7.62892305116649,21,0,1478.57470703125,384672572,0.09478537831455469
576,576,7.292172034222085,27,1,1478.57470703125,384672572,0.14754148852080107
576,576,7.549869517090801,30,2,1478.57470703125,384672572,0.14437966980040073
576,576,7.6310574095665515,31,3,1478.57470703125,384672572,0.13529083505272865
576,576,7.44452145067119,23,0,1478.57470703125,384672572,0.11684632394462824
576,576,7.599652896602565,22,9,1478.57470703125,384672572,0.10864160861819983
576,576,7.804607024084421,23,0,1478.57470703125,384672572,0.08534182887524366
576,576,7.86741061271199,19,9,1478.57470703125,384672572,0.16904404386878014
576,576,7.6612609402543805,20,0,1478.57470703125,384672572,0.18266711197793484
576,576,7.709525666971614,23,9,1478.57470703125,384672572,0.2128150723874569
576,640,7.669409357154773,21,0,1478.57470703125,384672572,0.20291949342936277
576,640,7.776904588410341,27,1,1478.57470703125,384672572,0.18319010641425848
576,640,7.133807719096217,30,2,1478.57470703125,384672572,0.14180177450180054
576,640,7.42824870951703,31,3,1478.57470703125,384672572,0.13637242186814547
576,640,7.745704236869285,23,0,1478.57470703125,384672572,0.1706686094403267
576,640,6.7435234496361725,22,9,1478.57470703125,384672572,0.18443435244262218
576,640,7.950945379130337,23,0,1478.57470703125,384672572,0.08995046373456717
576,640,7.5075387406973535,19,9,1478.57470703125,384672572,0.2314745681360364
576,640,7.1901151948872,20,0,1478.57470703125,384672572,0.2118083294481039
576,640,6.6948299608055795,23,9,1478.57470703125,384672572,0.23219777923077345
576,768,7.3660106158991105,21,0,1478.57470703125,384672572,0.2420640280470252
576,768,7.7012504914091835,27,1,1478.57470703125,384672572,0.17739044595509768
576,768,7.870490905736015,30,2,1478.57470703125,384672572,0.17927944473922253
576,768,7.510031633128776,31,3,1478.57470703125,384672572,0.20058061182498932
576,768,7.4727136869577,23,0,1478.57470703125,384672572,0.2367150504142046
576,768,7.5499262065295065,22,9,1478.57470703125,384672572,0.19698913022875786
576,768,7.680284385547015,23,0,1478.57470703125,384672572,0.1815195381641388
576,768,7.579725213157578,19,9,1478.57470703125,384672572,0.22682702913880348
576,768,6.776631551816231,20,0,1478.57470703125,384672572,0.12741099298000336
576,768,7.713849845883329,23,9,1478.57470703125,384672572,0.09447463043034077
576,800,7.475513908676954,21,0,1478.57470703125,384672572,0.12811492569744587
576,800,7.846824891252804,27,1,1478.57470703125,384672572,0.2544196890667081
576,800,7.713869454448931,30,2,1478.57470703125,384672572,0.1691295364871621
576,800,7.680652710542454,31,3,1478.57470703125,384672572,0.16616408806294203
576,800,6.356470138388397,23,0,1478.57470703125,384672572,0.20448988024145365
576,800,7.862048320531949,22,9,1478.57470703125,384672572,0.1777107659727335
576,800,7.675733267302239,23,0,1478.57470703125,384672572,0.16542034689337015
576,800,7.845132625360482,19,9,1478.57470703125,384672572,0.1662762751802802
576,800,7.841011097833732,20,0,1478.57470703125,384672572,0.1690779011696577
576,800,7.433199525582793,23,9,1478.57470703125,384672572,0.1777898259460926
576,1024,7.616508218516086,21,0,1478.57470703125,384672572,0.1700936323031783
576,1024,7.373744602191976,27,1,1478.57470703125,384672572,0.1881328672170639
576,1024,6.8365198130939415,30,2,1478.57470703125,384672572,0.2153369914740324
576,1024,7.73022178090903,31,3,1478.57470703125,384672572,0.19690334517508745
576,1024,7.446580792314114,23,0,1478.57470703125,384672572,0.19559855572879314
576,1024,7.493376894139161,22,9,1478.57470703125,384672572,0.19221928529441357
576,1024,7.669925138942617,23,0,1478.57470703125,384672572,0.20280631259083748
576,1024,7.217456816324103,19,9,1478.57470703125,384672572,0.17334787640720606
576,1024,7.376997522868745,20,0,1478.57470703125,384672572,0.16151464451104403
576,1024,7.204786429497302,23,9,1478.57470703125,384672572,0.18248965498059988
576,1152,6.734775329078444,21,0,1478.57470703125,384672572,0.1726790713146329
576,1152,7.490003109792317,27,1,1478.57470703125,384672572,0.2043858077377081
576,1152,7.450554886534624,30,2,1478.57470703125,384672572,0.178770680911839
576,1152,7.5899616190971555,31,3,1478.57470703125,384672572,0.11268767062574625
576,1152,7.531660251708845,23,0,1478.57470703125,384672572,0.09511603135615587
576,1152,7.570605874844589,22,9,1478.57470703125,384672572,0.2018687231466174
576,1152,7.406078500082373,23,0,1478.57470703125,384672572,0.2047823742032051
576,1152,7.3277452226129975,19,9,1478.57470703125,384672572,0.1377331493422389
576,1152,6.87494701293868,20,0,1478.57470703125,384672572,0.1529962858185172
576,1152,7.237689014053676,23,9,1478.57470703125,384672572,0.14576584566384554
576,1280,6.940933777361365,21,0,1478.57470703125,384672572,0.1709039369598031
576,1280,7.307169984515237,27,1,1478.57470703125,384672572,0.21312282793223858
576,1280,7.418180514770544,30,2,1478.57470703125,384672572,0.15225339122116566
576,1280,7.638387601218106,31,3,1478.57470703125,384672572,0.20479364600032568
576,1280,7.7674337387010555,23,0,1478.57470703125,384672572,0.1514785410836339
576,1280,6.935443030499815,22,9,1478.57470703125,384672572,0.22019413579255342
576,1280,7.495983429301116,23,0,1478.57470703125,384672572,0.22660612408071756
576,1280,7.52067507177109,19,9,1478.57470703125,384672572,0.14966175146400928
576,1280,6.691674235828737,20,0,1478.57470703125,384672572,0.1502735000103712
576,1280,6.505362696841936,23,9,1478.57470703125,384672572,0.1561853950843215
640,320,7.8526016511133845,21,0,1478.57470703125,384672572,0.1501730876043439
640,320,7.870126416085417,27,1,1478.57470703125,384672572,0.19744974747300148
640,320,7.479515948218808,30,2,1478.57470703125,384672572,0.1599692367017269
640,320,7.494160119926674,31,3,1478.57470703125,384672572,0.1733678262680769
640,320,7.419624613320158,23,0,1478.57470703125,384672572,0.1374998250976205
640,320,7.602151895576104,22,9,1478.57470703125,384672572,0.1830741399899125
640,320,7.824364484017018,23,0,1478.57470703125,384672572,0.20599854085594416
640,320,7.679632325608409,19,9,1478.57470703125,384672572,0.24977649003267288
640,320,7.212054397709693,20,0,1478.57470703125,384672572,0.1318475352600217
640,320,7.058667984868337,23,9,1478.57470703125,384672572,0.12270004581660032
640,480,7.703583083531003,21,0,1478.57470703125,384672572,0.17256348859518766
640,480,7.579665771660368,27,1,1478.57470703125,384672572,0.15084777306765318
640,480,7.415980837040785,30,2,1478.57470703125,384672572,0.15788162779062986
640,480,6.140675034917457,31,3,1478.57470703125,384672572,0.1500960262492299
640,480,7.753016906933532,23,0,1478.57470703125,384672572,0.17166878189891577
640,480,7.533386263459811,22,9,1478.57470703125,384672572,0.1523654442280531
640,480,7.521930630823192,23,0,1478.57470703125,384672572,0.19734532572329044
640,480,7.4017510120060965,19,9,1478.57470703125,384672572,0.18499268405139446
640,480,7.865614458143747,20,0,1478.57470703125,384672572,0.20152801554650068
640,480,7.869509023839662,23,9,1478.57470703125,384672572,0.21756212320178747
640,512,7.7489834476350214,21,0,1478.57470703125,384672572,0.21076823398470879
640,512,7.703434501180263,27,1,1478.57470703125,384672572,0.15073501598089933
640,512,7.232868503546747,30,2,1478.57470703125,384672572,0.1571489069610834
640,512,7.62577044948007,31,3,1478.57470703125,384672572,0.14051402546465397
640,512,7.837985334249879,23,0,1478.57470703125,384672572,0.1491172881796956
640,512,7.777509362325243,22,9,1478.57470703125,384672572,0.15787909924983978
640,512,7.921451651499048,23,0,1478.57470703125,384672572,0.18364149052649736
640,512,7.705967008555891,19,9,1478.57470703125,384672572,0.2083443757146597
640,512,7.732888405526754,20,0,1478.57470703125,384672572,0.15627892781049013
640,512,7.6444487011050875,23,9,1478.57470703125,384672572,0.20689042191952467
640,576,7.567352580773766,21,0,1478.57470703125,384672572,0.2108693290501833
640,576,7.314389760715547,27,1,1478.57470703125,384672572,0.20920622814446688
640,576,7.593776893974249,30,2,1478.57470703125,384672572,0.1644765743985772
640,576,6.7384763111392765,31,3,1478.57470703125,384672572,0.21427199710160494
640,576,7.685804736589088,23,0,1478.57470703125,384672572,0.14400436077266932
640,576,7.3295064822159315,22,9,1478.57470703125,384672572,0.20427376125007868
640,576,7.831097101854111,23,0,1478.57470703125,384672572,0.16993876360356808
640,576,7.639428715815086,19,9,1478.57470703125,384672572,0.18499037437140942
640,576,7.730762136823726,20,0,1478.57470703125,384672572,0.14181348215788603
640,576,7.626124547736348,23,9,1478.57470703125,384672572,0.09415107313543558
640,640,7.008020534801949,21,0,1478.57470703125,384672572,0.17860417906194925
640,640,7.7026023014637195,27,1,1478.57470703125,384672572,0.22184601426124573
640,640,7.703252940029136,30,2,1478.57470703125,384672572,0.21196279302239418
640,640,7.447037362098488,31,3,1478.57470703125,384672572,0.21867901552468538
640,640,7.450490928345862,23,0,1478.57470703125,384672572,0.21942733507603407
640,640,7.530551203804542,22,9,1478.57470703125,384672572,0.20930652134120464
640,640,7.329439721220346,23,0,1478.57470703125,384672572,0.19440290704369545
640,640,7.347801664098634,19,9,1478.57470703125,384672572,0.21512867137789726
640,640,7.382898665023852,20,0,1478.57470703125,384672572,0.18231871910393238
640,640,7.6423127610223,23,9,1478.57470703125,384672572,0.27425410971045494
640,768,7.12360905384361,21,0,1478.57470703125,384672572,0.2310549858957529
640,768,7.736257057320956,27,1,1478.57470703125,384672572,0.2374357059597969
640,768,7.402246146054859,30,2,1478.57470703125,384672572,0.19035101402550936
640,768,7.5939668715606645,31,3,1478.57470703125,384672572,0.2074723867699504
640,768,7.72870063768578,23,0,1478.57470703125,384672572,0.17883165646344423
640,768,7.180238410008502,22,9,1478.57470703125,384672572,0.2332248268648982
640,768,7.5349166850303675,23,0,1478.57470703125,384672572,0.2235477352514863
640,768,6.448240278368457,19,9,1478.57470703125,384672572,0.1816683430224657
640,768,7.5549944289794935,20,0,1478.57470703125,384672572,0.14868047181516886
640,768,7.841770471278479,23,9,1478.57470703125,384672572,0.1744802938774228
640,800,7.285492684069238,21,0,1478.57470703125,384672572,0.17890497483313084
640,800,7.712382630573318,27,1,1478.57470703125,384672572,0.09744287841022015
640,800,7.297181705265162,30,2,1478.57470703125,384672572,0.18797879666090012
640,800,7.358215799150098,31,3,1478.57470703125,384672572,0.25055831391364336
640,800,7.6052195360634,23,0,1478.57470703125,384672572,0.1576813580468297
640,800,6.3371093060293795,22,9,1478.57470703125,384672572,0.15099216997623444
640,800,7.505907395957743,23,0,1478.57470703125,384672572,0.17280876729637384
640,800,6.796725053333304,19,9,1478.57470703125,384672572,0.2018355829641223
640,800,7.457636289331437,20,0,1478.57470703125,384672572,0.17609334737062454
640,800,7.824506758986848,23,9,1478.57470703125,384672572,0.1832565376535058
640,1024,6.938651405668709,21,0,1478.57470703125,384672572,0.2213382013142109
640,1024,7.135282056475269,27,1,1478.57470703125,384672572,0.1644270522519946
640,1024,7.22795974651862,30,2,1478.57470703125,384672572,0.16160663031041622
640,1024,6.981365906233376,31,3,1478.57470703125,384672572,0.2048790054395795
640,1024,7.63434305832751,23,0,1478.57470703125,384672572,0.1760733388364315
640,1024,7.175153031068292,22,9,1478.57470703125,384672572,0.2421581707894802
640,1024,7.42310520114602,23,0,1478.57470703125,384672572,0.22283706814050674
640,1024,6.9887918661613835,19,9,1478.57470703125,384672572,0.18936068378388882
640,1024,7.798367370292395,20,0,1478.57470703125,384672572,0.18571102153509855
640,1024,7.686055084128915,23,9,1478.57470703125,384672572,0.17946915235370398
640,1152,7.200468870862948,21,0,1478.57470703125,384672572,0.1933341035619378
640,1152,7.395531249353938,27,1,1478.57470703125,384672572,0.18377366662025452
640,1152,7.491187916080419,30,2,1478.57470703125,384672572,0.2199777252972126
640,1152,6.97403957424298,31,3,1478.57470703125,384672572,0.14258912578225136
640,1152,7.547153624123569,23,0,1478.57470703125,384672572,0.12534134835004807
640,1152,6.886209069163407,22,9,1478.57470703125,384672572,0.19033219665288925
640,1152,7.453820210348139,23,0,1478.57470703125,384672572,0.20607290230691433
640,1152,7.215806466246431,19,9,1478.57470703125,384672572,0.1711790543049574
640,1152,6.730353373118098,20,0,1478.57470703125,384672572,0.1539001688361168
640,1152,7.248425123656229,23,9,1478.57470703125,384672572,0.21835413295775652
640,1280,7.28936789277245,21,0,1478.57470703125,384672572,0.15225652139633894
640,1280,6.810258498936636,27,1,1478.57470703125,384672572,0.18804348446428776
640,1280,7.529102974777137,30,2,1478.57470703125,384672572,0.20302303414791822
640,1280,7.400077375304405,31,3,1478.57470703125,384672572,0.14715028926730156
640,1280,6.9885379029660015,23,0,1478.57470703125,384672572,0.1582644609734416
640,1280,7.288995644708093,22,9,1478.57470703125,384672572,0.2777873193845153
640,1280,7.738932804189874,23,0,1478.57470703125,384672572,0.1793918339535594
640,1280,7.236006234085994,19,9,1478.57470703125,384672572,0.24760477989912033
640,1280,7.797521797421967,20,0,1478.57470703125,384672572,0.08359720185399055
640,1280,7.249508399214686,23,9,1478.57470703125,384672572,0.10891854390501976
768,320,7.832854811553721,21,0,1478.57470703125,384672572,0.17194924224168062
768,320,7.857228970439786,27,1,1478.57470703125,384672572,0.1512791682034731
768,320,7.68434817811705,30,2,1478.57470703125,384672572,0.17076490819454193
768,320,7.749959604012617,31,3,1478.57470703125,384672572,0.09120232611894608
768,320,7.890123020874882,23,0,1478.57470703125,384672572,0.18139913491904736
768,320,7.682718516685853,22,9,1478.57470703125,384672572,0.22627611830830574
768,320,7.759506718101884,23,0,1478.57470703125,384672572,0.14711480867117643
768,320,7.618582302022375,19,9,1478.57470703125,384672572,0.17442817706614733
768,320,7.699785215485613,20,0,1478.57470703125,384672572,0.15871096309274435
768,320,7.672463214452044,23,9,1478.57470703125,384672572,0.1691207243129611
768,480,7.249427063904346,21,0,1478.57470703125,384672572,0.16341509483754635
768,480,7.572326867865081,27,1,1478.57470703125,384672572,0.08786434587091208
768,480,7.574160437707332,30,2,1478.57470703125,384672572,0.2437203787267208
768,480,7.2670608426619285,31,3,1478.57470703125,384672572,0.2209523357450962
768,480,7.438151268710836,23,0,1478.57470703125,384672572,0.17660322599112988
768,480,7.646206175980096,22,9,1478.57470703125,384672572,0.17208672873675823
768,480,7.546936012068984,23,0,1478.57470703125,384672572,0.18665279727429152
768,480,7.750263773086436,19,9,1478.57470703125,384672572,0.15456336829811335
768,480,7.884949769411323,20,0,1478.57470703125,384672572,0.16332500148564577
768,480,7.613223571824991,23,9,1478.57470703125,384672572,0.22712441720068455
768,512,7.575423322408922,21,0,1478.57470703125,384672572,0.24348791502416134
768,512,7.291995471485169,27,1,1478.57470703125,384672572,0.18806784693151712
768,512,7.387132488693782,30,2,1478.57470703125,384672572,0.178043938241899
768,512,7.331031943944068,31,3,1478.57470703125,384672572,0.22873186506330967
768,512,7.709190406524455,23,0,1478.57470703125,384672572,0.17263931408524513
768,512,7.77859012575036,22,9,1478.57470703125,384672572,0.16566092986613512
768,512,7.694643870598568,23,0,1478.57470703125,384672572,0.13937314320355654
768,512,7.789667575771753,19,9,1478.57470703125,384672572,0.14943476766347885
768,512,7.367300182828943,20,0,1478.57470703125,384672572,0.14894284773617983
768,512,7.87620655274768,23,9,1478.57470703125,384672572,0.16105021629482508
768,576,7.4944570136798365,21,0,1478.57470703125,384672572,0.1730868313461542
768,576,7.353595235117639,27,1,1478.57470703125,384672572,0.16290682181715965
768,576,7.646345649554568,30,2,1478.57470703125,384672572,0.17502651270478964
768,576,7.619249109128939,31,3,1478.57470703125,384672572,0.1845279773697257
768,576,7.635258737063624,23,0,1478.57470703125,384672572,0.09423291590064764
768,576,7.598169792776892,22,9,1478.57470703125,384672572,0.21043792460113764
768,576,7.07544831916238,23,0,1478.57470703125,384672572,0.2832307144999504
768,576,7.495324546225236,19,9,1478.57470703125,384672572,0.2857808293774724
768,576,7.660727722183894,20,0,1478.57470703125,384672572,0.16798622999340296
768,576,7.689701991561277,23,9,1478.57470703125,384672572,0.16151971369981766
768,640,7.863561474456801,21,0,1478.57470703125,384672572,0.178715318441391
768,640,7.2949417876781295,27,1,1478.57470703125,384672572,0.15098374895751476
768,640,7.522337354036727,30,2,1478.57470703125,384672572,0.15996601339429617
768,640,7.825610639155245,31,3,1478.57470703125,384672572,0.1315962253138423
768,640,7.554097614415374,23,0,1478.57470703125,384672572,0.16478156205266714
768,640,7.8313635379290965,22,9,1478.57470703125,384672572,0.20346727222204208
768,640,7.584350637693381,23,0,1478.57470703125,384672572,0.19574414193630219
768,640,7.777581566492924,19,9,1478.57470703125,384672572,0.1652085678651929
768,640,6.995247869731445,20,0,1478.57470703125,384672572,0.17444189172238111
768,640,7.306632115094655,23,9,1478.57470703125,384672572,0.1972676394507289
768,768,7.517716458323653,21,0,1478.57470703125,384672572,0.2667703125625849
768,768,7.313274410670511,27,1,1478.57470703125,384672572,0.13442970160394907
768,768,7.365017027286081,30,2,1478.57470703125,384672572,0.1488710856065154
768,768,7.534978942813859,31,3,1478.57470703125,384672572,0.17628923058509827
768,768,7.488371415193879,23,0,1478.57470703125,384672572,0.21684286184608936
768,768,7.458240143586027,22,9,1478.57470703125,384672572,0.20300826337188482
768,768,7.193923684081109,23,0,1478.57470703125,384672572,0.17685673758387566
768,768,7.1860767877773455,19,9,1478.57470703125,384672572,0.1646486259996891
768,768,7.824738634210089,20,0,1478.57470703125,384672572,0.1749021364375949
768,768,7.819477402843535,23,9,1478.57470703125,384672572,0.15469796862453222
768,800,7.272584486287169,21,0,1478.57470703125,384672572,0.09969511441886425
768,800,6.973515832929028,27,1,1478.57470703125,384672572,0.09532982762902975
768,800,7.322711364254772,30,2,1478.57470703125,384672572,0.19907378870993853
768,800,7.372234888876742,31,3,1478.57470703125,384672572,0.22070668637752533
768,800,7.6944986331985525,23,0,1478.57470703125,384672572,0.21460694074630737
768,800,7.43598867794989,22,9,1478.57470703125,384672572,0.13712076842784882
768,800,7.374793423526412,23,0,1478.57470703125,384672572,0.15691943187266588
768,800,7.593164888154217,19,9,1478.57470703125,384672572,0.14949585683643818
768,800,7.250611045939271,20,0,1478.57470703125,384672572,0.16847401950508356
